pc,warp_loads,sectors,mean_D,D_class,top_shape_share,top_line_mask,top_line_mask_share,line_overfetch_x,top_delta,top_delta_share,delta_repeat_rate,scap_coverage,scap_accuracy,sector_miss_share
0x19c0,4160,133120,32.0,scattered(13+),1.0,1111,1.0,1.0,1024,0.127,0.053,0.053,0.053,0.0
0x19d0,4160,133120,32.0,scattered(13+),1.0,1111,1.0,1.0,2048,0.126,0.055,0.055,0.055,0.0
0x1b20,4160,43382,10.43,moderate(5-12),0.546,1111,0.999,1.0,-512,0.089,0.06,0.066,0.067,0.0
0x1a00,4160,35026,8.42,moderate(5-12),0.158,1111,0.689,1.19,1024,0.125,0.054,0.034,0.034,0.0
0x1a40,4160,25150,6.05,moderate(5-12),0.037,0001,0.43,3.85,0,0.971,0.941,0.259,0.257,0.0
0xf70,4160,16640,4.0,dense(1-4),1.0,1111,1.0,1.0,-256,0.151,0.078,0.078,0.078,0.0
0xf90,4160,16640,4.0,dense(1-4),1.0,1111,1.0,1.0,-256,0.143,0.048,0.048,0.048,0.0
0xfd0,4160,16640,4.0,dense(1-4),1.0,1111,1.0,1.0,128,0.116,0.067,0.067,0.067,0.0
0x1000,4160,16640,4.0,dense(1-4),1.0,1111,1.0,1.0,-128,0.143,0.071,0.071,0.071,0.0
0x1010,4160,16640,4.0,dense(1-4),1.0,1111,1.0,1.0,128,0.168,0.076,0.076,0.076,0.0
0x1040,4160,16640,4.0,dense(1-4),1.0,1111,1.0,1.0,-128,0.134,0.057,0.057,0.057,0.0
0x1070,4160,16640,4.0,dense(1-4),1.0,1111,1.0,1.0,-256,0.14,0.082,0.082,0.082,0.0
0x1090,4160,16640,4.0,dense(1-4),1.0,1111,1.0,1.0,-128,0.125,0.067,0.067,0.067,0.0
0x10b0,4160,16640,4.0,dense(1-4),1.0,1111,1.0,1.0,128,0.141,0.116,0.116,0.116,0.0
0x10d0,4160,16640,4.0,dense(1-4),1.0,1111,1.0,1.0,256,0.16,0.079,0.079,0.079,0.0
0x1120,4160,16640,4.0,dense(1-4),1.0,1111,1.0,1.0,128,0.174,0.108,0.108,0.108,0.0
0x1130,4160,16640,4.0,dense(1-4),1.0,1111,1.0,1.0,128,0.164,0.108,0.108,0.108,0.0
0x1150,4160,16640,4.0,dense(1-4),1.0,1111,1.0,1.0,128,0.149,0.069,0.069,0.069,0.0
0x1160,4160,16640,4.0,dense(1-4),1.0,1111,1.0,1.0,256,0.125,0.086,0.086,0.086,0.0
0x1190,4160,16640,4.0,dense(1-4),1.0,1111,1.0,1.0,-128,0.139,0.091,0.091,0.091,0.0
0x11b0,4160,16640,4.0,dense(1-4),1.0,1111,1.0,1.0,128,0.162,0.077,0.077,0.077,0.0
0x460,260,260,1.0,dense(1-4),1.0,0001,0.662,4.0,0,0.276,0.0,0.0,0.0,0.0
0x4a0,260,260,1.0,dense(1-4),1.0,0001,0.662,4.0,0,0.276,0.0,0.0,0.0,0.0
0x4d0,260,260,1.0,dense(1-4),1.0,0001,0.662,4.0,0,0.276,0.0,0.0,0.0,0.0
0x500,260,260,1.0,dense(1-4),1.0,0001,0.662,4.0,0,0.276,0.0,0.0,0.0,0.0
0x520,260,260,1.0,dense(1-4),1.0,0001,0.662,4.0,0,0.276,0.0,0.0,0.0,0.0
0x540,260,260,1.0,dense(1-4),1.0,0001,0.662,4.0,0,0.276,0.0,0.0,0.0,0.0
0x560,260,260,1.0,dense(1-4),1.0,0001,0.662,4.0,0,0.276,0.0,0.0,0.0,0.0
0x570,260,260,1.0,dense(1-4),1.0,0001,0.662,4.0,0,0.276,0.0,0.0,0.0,0.0
0x580,260,260,1.0,dense(1-4),1.0,0001,0.662,4.0,0,0.276,0.0,0.0,0.0,0.0
0x590,260,260,1.0,dense(1-4),1.0,0001,0.662,4.0,0,0.276,0.0,0.0,0.0,0.0
0x5b0,260,260,1.0,dense(1-4),1.0,0001,0.662,4.0,0,0.276,0.0,0.0,0.0,0.0
0x5d0,260,260,1.0,dense(1-4),1.0,0001,0.662,4.0,0,0.276,0.0,0.0,0.0,0.0
0x5e0,260,260,1.0,dense(1-4),1.0,0001,0.662,4.0,0,0.276,0.0,0.0,0.0,0.0
0x600,260,260,1.0,dense(1-4),1.0,0001,0.662,4.0,0,0.276,0.0,0.0,0.0,0.0
0x610,260,260,1.0,dense(1-4),1.0,0001,0.662,4.0,0,0.276,0.0,0.0,0.0,0.0
0x630,260,260,1.0,dense(1-4),1.0,0001,0.662,4.0,0,0.276,0.0,0.0,0.0,0.0
